question,sql
尋找資料欄位裡跟溫度相關的問題,"SELECT * FROM Rootcauses
                  WHERE D4_ROOTCAUSE LIKE '%溫度%' OR
                        D4_DESC LIKE '%溫度%' OR
                        D4_ROOTCAUSEESC LIKE '%溫度%' OR
                        D4_WHY1ESC LIKE '%溫度%' OR
                        D4_WHY2ESC LIKE '%溫度%' OR
                        D4_WHY3ESC LIKE '%溫度%' OR
                        D4_WHY4ESC LIKE '%溫度%' OR
                        D4_WHY5ESC LIKE '%溫度%';"
統計每種根本原因類型的案件數,"SELECT D4_ROOTTYPE, COUNT(*) AS CaseCount FROM Rootcauses GROUP BY D4_ROOTTYPE;"
查找已完成且與環境相關的根本原因,"SELECT * FROM Rootcauses
                  WHERE D4_ROOTCAUSE LIKE '%環境%' OR
                        D4_DESC LIKE '%環境%' OR
                        D4_ROOTCAUSEESC LIKE '%環境%' OR
                        D4_WHY1ESC LIKE '%環境%' OR
                        D4_WHY2ESC LIKE '%環境%' OR
                        D4_WHY3ESC LIKE '%環境%' OR
                        D4_WHY4ESC LIKE '%環境%' OR
                        D4_WHY5ESC LIKE '%環境%';"
查詢每種原因的平均發生次數,"SELECT D4_ROOTCAUSE, COUNT(*) AS OccurrenceCount 
                  FROM Rootcauses GROUP BY D4_ROOTCAUSE;"
查看操作員人數不足的所有案件,"SELECT * FROM Rootcauses
                  WHERE D4_DESC LIKE '%操作員人數不足%' OR
                        D4_ROOTCAUSEESC LIKE '%操作員人數不足%';"
查詢需要多次確認的根本原因,"SELECT * FROM Rootcauses
                  WHERE D4_DESC LIKE '%確認%' AND
                        (D4_WHY1ESC LIKE '%確認%' OR
                         D4_WHY2ESC LIKE '%確認%' OR
                         D4_WHY3ESC LIKE '%確認%' OR
                         D4_WHY4ESC LIKE '%確認%' OR
                         D4_WHY5ESC LIKE '%確認%');"
查詢有多重根本原因的案件,"SELECT * FROM Rootcauses WHERE D4_ROOTCAUSE LIKE '%,%' OR D4_ROOTCAUSEESC LIKE '%,%';"
尋找資料欄位裡跟溫度相關的問題,"SELECT * FROM Rootcauses
                  WHERE D4_ROOTCAUSE LIKE '%溫度%' OR
                        D4_DESC LIKE '%溫度%' OR
                        D4_ROOTCAUSEESC LIKE '%溫度%' OR
                        D4_WHY1ESC LIKE '%溫度%' OR
                        D4_WHY2ESC LIKE '%溫度%' OR
                        D4_WHY3ESC LIKE '%溫度%' OR
                        D4_WHY4ESC LIKE '%溫度%' OR
                        D4_WHY5ESC LIKE '%溫度%';"
找出每位負責人負責的案件數,"SELECT D4_TRAINER, COUNT(*) AS CaseCount FROM Rootcauses GROUP BY D4_TRAINER;"
篩選所有在2023年記錄的根本原因分析,SELECT * FROM Rootcauses WHERE D4_DESC LIKE '%2023%' OR D4_WHY1ESC LIKE '%2023%' OR D4_WHY2ESC LIKE '%2023%' OR D4_WHY3ESC LIKE '%2023%' OR D4_WHY4ESC LIKE '%2023%' OR D4_WHY5ESC LIKE '%2023%';
找出所有由特定人員（例如 '1110724_張瑋芩'）負責的案件,SELECT * FROM Rootcauses WHERE D4_TRAINER = '1110724_張瑋芩';
篩選出包含'溫度'的所有問題描述,SELECT * FROM Rootcauses WHERE D4_DESC LIKE '%溫度%' OR D4_WHY1ESC LIKE '%溫度%' OR D4_WHY2ESC LIKE '%溫度%' OR D4_WHY3ESC LIKE '%溫度%' OR D4_WHY4ESC LIKE '%溫度%' OR D4_WHY5ESC LIKE '%溫度%';
計算每位負責人的案件數量,"SELECT D4_TRAINER, COUNT(*) AS CaseCount FROM Rootcauses GROUP BY D4_TRAINER;"
查找所有包含特定關鍵字（例如 'IC'）的根本原因,SELECT * FROM Rootcauses WHERE D4_ROOTCAUSE LIKE '%IC%' OR D4_WHY1ESC LIKE '%IC%' OR D4_WHY2ESC LIKE '%IC%' OR D4_WHY3ESC LIKE '%IC%' OR D4_WHY4ESC LIKE '%IC%' OR D4_WHY5ESC LIKE '%IC%';
篩選所有涉及'人員'的根本原因描述,SELECT * FROM Rootcauses WHERE D4_DESC LIKE '%人員%' OR D4_ROOTCAUSE LIKE '%人員%' OR D4_WHY1ESC LIKE '%人員%' OR D4_WHY2ESC LIKE '%人員%' OR D4_WHY3ESC LIKE '%人員%' OR D4_WHY4ESC LIKE '%人員%' OR D4_WHY5ESC LIKE '%人員%';
取得所有包含 'wafer' 受損的描述紀錄,SELECT * FROM Rootcauses WHERE D4_DESC LIKE '%wafer%';
計算包含 'wafer' 的紀錄數量,SELECT COUNT(*) FROM Rootcauses WHERE D4_DESC LIKE '%wafer%';
查詢所有 'wafer' 受損且有根本原因的紀錄,SELECT * FROM Rootcauses WHERE D4_DESC LIKE '%wafer%' AND D4_ROOTCAUSE IS NOT NULL;
按負責人統計包含 'wafer' 受損的紀錄數量,"SELECT D4_TRAINER, COUNT(*) AS wafer_issue_count FROM Rootcauses WHERE D4_DESC LIKE '%wafer%' GROUP BY D4_TRAINER"
查詢包含 'wafer' 受損且 'D4_WHY1ESC' 有值的紀錄,SELECT * FROM Rootcauses WHERE D4_DESC LIKE '%wafer%' AND D4_WHY1ESC IS NOT NULL;
取得根本原因類型為 '機' 且包含 'wafer' 的紀錄,SELECT * FROM Rootcauses WHERE D4_DESC LIKE '%wafer%' AND D4_ROOTTYPE = '機';
篩選包含 'wafer' 且 D4_WHY1OCC 不為空的紀錄,SELECT * FROM Rootcauses WHERE D4_DESC LIKE '%wafer%' AND D4_WHY1OCC IS NOT NULL;
查詢所有包含 'wafer' 且根本原因類型為 '料' 的紀錄,SELECT * FROM Rootcauses WHERE D4_DESC LIKE '%wafer%' AND D4_ROOTTYPE = '料';
取得包含 'wafer' 且有 'D4_WHY5OCC' 步驟的紀錄,SELECT * FROM Rootcauses WHERE D4_DESC LIKE '%wafer%' AND D4_WHY5OCC IS NOT NULL;
查詢包含 'wafer' 的所有根本原因描述,SELECT D4_ROOTCAUSE FROM Rootcauses WHERE D4_DESC LIKE '%wafer%';
取得所有包含 '破片' 的描述紀錄,SELECT * FROM Rootcauses WHERE D4_DESC LIKE '%破片%';
計算包含 '破片' 的紀錄數量,SELECT COUNT(*) AS record_count FROM Rootcauses WHERE OID IS NOT NULL AND (D4_DESC LIKE '%破片%' OR D4_WHY1ESC LIKE '%破片%' OR D4_WHY2ESC LIKE '%破片%' OR D4_WHY3ESC LIKE '%破片%' OR D4_WHY4ESC LIKE '%破片%' OR D4_WHY5ESC LIKE '%破片%' );
查詢所有 '破片' 且有根本原因的紀錄,SELECT * FROM Rootcauses WHERE D4_DESC LIKE '%破片%' AND D4_ROOTCAUSE IS NOT NULL;
按負責人統計包含 '破片' 的紀錄數量,"SELECT D4_TRAINER, COUNT(*) AS fragment_issue_count FROM Rootcauses WHERE D4_DESC LIKE '%破片%' GROUP BY D4_TRAINER"
查詢包含 '破片' 且 'D4_WHY1ESC' 有值的紀錄,SELECT * FROM Rootcauses WHERE D4_DESC LIKE '%破片%' AND D4_WHY1ESC IS NOT NULL;
取得根本原因類型為 '機' 且包含 '破片' 的紀錄,SELECT * FROM Rootcauses WHERE D4_DESC LIKE '%破片%' AND D4_ROOTTYPE = '機';
篩選包含 '破片' 且 D4_WHY1OCC 不為空的紀錄,SELECT * FROM Rootcauses WHERE D4_DESC LIKE '%破片%' AND D4_WHY1OCC IS NOT NULL;
取得包含 '破片' 且有 'D4_WHY5OCC' 步驟的紀錄,SELECT * FROM Rootcauses WHERE D4_DESC LIKE '%破片%' AND D4_WHY5OCC IS NOT NULL;
查詢包含 '破片' 的所有根本原因描述,SELECT D4_ROOTCAUSE FROM Rootcauses WHERE D4_DESC LIKE '%破片%';
取得所有根本原因分類的紀錄,"SELECT OID, D4_ROOTTYPE FROM ROOTCAUSES"
取得每個問題的描述內容,"SELECT OID, D4_DESC FROM ROOTCAUSES"
取得所有相關的負責人資料,"SELECT OID, D4_TRAINER FROM ROOTCAUSES"
列出所有D4_WHY1ESC詳細解釋,"SELECT OID, D4_WHY1ESC FROM ROOTCAUSES"
列出所有D4_WHY2ESC詳細解釋,"SELECT OID, D4_WHY2ESC FROM ROOTCAUSES"
取得D4_WHY1OCC詳細的發生原因,"SELECT OID, D4_WHY1OCC FROM ROOTCAUSES"
列出每個問題的根本原因詳細內容,"SELECT OID, D4_ROOTCAUSE FROM ROOTCAUSES"
檢索D4_WHY4ESC的所有記錄,"SELECT OID, D4_WHY4ESC FROM ROOTCAUSES"
查詢哪些記錄未定義根本原因,SELECT OID FROM ROOTCAUSES WHERE D4_ROOTCAUSE IS NULL
檢索所有D4_WHY3OCC的內容,"SELECT OID, D4_WHY3OCC FROM ROOTCAUSES"
列出每個問題的負責人與分類,"SELECT OID, D4_TRAINER, D4_ROOTTYPE FROM ROOTCAUSES"
取得D4_DESC為空的記錄,SELECT OID FROM ROOTCAUSES WHERE D4_DESC IS NULL
列出每個記錄的OID與D4_WHY5ESC詳細原因,"SELECT OID, D4_WHY5ESC FROM ROOTCAUSES"
查詢D4_ROOTCAUSEESC內容不為空的記錄,"SELECT OID, D4_ROOTCAUSEESC FROM ROOTCAUSES WHERE D4_ROOTCAUSEESC IS NOT NULL"
列出每個記錄的OID與所有為甚麼的原因欄位,"SELECT OID, D4_WHY1ESC, D4_WHY2ESC, D4_WHY3ESC, D4_WHY4ESC, D4_WHY5ESC FROM ROOTCAUSES"
查詢所有記錄的OID與根本原因與分類,"SELECT OID, D4_ROOTCAUSE, D4_ROOTTYPE FROM ROOTCAUSES"
檢索D4_WHY4OCC的具體原因,"SELECT OID, D4_WHY4OCC FROM ROOTCAUSES"
列出每個OID與D4_WHY2OCC的內容,"SELECT OID, D4_WHY2OCC FROM ROOTCAUSES"
查詢哪些記錄的負責人未定義,SELECT OID FROM ROOTCAUSES WHERE D4_TRAINER IS NULL
檢索所有有D4_ROOTCAUSEESC內容的記錄,"SELECT OID, D4_ROOTCAUSEESC FROM ROOTCAUSES"
列出所有D4_WHY5ESC與其詳細原因,"SELECT OID, D4_WHY5ESC FROM ROOTCAUSES"
取得每個問題的分類與根本原因,"SELECT OID, D4_ROOTTYPE, D4_ROOTCAUSE FROM ROOTCAUSES"
查詢每個記錄的OID與D4_TRAINER,"SELECT OID, D4_TRAINER FROM ROOTCAUSES"

